Algorithm,Mean Runtime,Std Deviation,Peak Memory Usage,Avg. Path
modified_pledge,34.90855477072976,4.370283203852754,124104,283.0
a_star,67.22829739252727,16.136885633048085,716108,225.0
bidirectional_a_star,13.896846771240234,4.387071177335109,277576,225.0
weighted_a_star,3.5077333450317383,0.6812616593300911,123536,227.0
