Algorithm,Mean Runtime,Std Deviation,Peak Memory Usage,Avg. Path
modified_pledge,123.69400262832642,15.438351262264522,124104,431.0
a_star,407.61271119117737,47.74750238141489,1668762,301.0
bidirectional_a_star,16.973352432250977,1.748764510765177,213590,301.0
weighted_a_star,13.459157943725586,3.165068100577722,142168,301.0
