Algorithm,Mean Runtime,Std Deviation,Peak Memory Usage,Avg. Path
modified_pledge,36.167542139689125,2.391340146035558,124104,298.0
a_star,87.76553471883138,9.33659105469145,1092816,224.0
bidirectional_a_star,18.201440572738647,2.7570686991386473,228868,224.0
weighted_a_star,6.618521430275657,0.8068808778901773,183294,228.0
