Algorithm,Mean Runtime,Std Deviation,Peak Memory Usage,Avg. Path
modified_pledge,42.23752253263899,6.764401584387491,124104,337.0
a_star,84.48940515518188,13.552232381047938,1100880,225.0
bidirectional_a_star,3.7918464810240504,0.9528252389553513,123536,225.0
weighted_a_star,3.8323718381215293,0.8459432683014835,157134,225.0
