Algorithm,Mean Runtime,Std Deviation,Peak Memory Usage,Avg. Path
modified_pledge,128.93174091974893,53.452233629593024,124104,259.0
a_star,232.69499672783746,96.13462418851634,793704,225.0
bidirectional_a_star,118.28094720840454,45.9440489355572,477516,227.0
weighted_a_star,20.697457449776785,10.18373596218028,123536,237.0
